{"scalar": {"y": 0.91780242891606, "x": 1.0983689483294674}, "bias": {"y": 0.096485, "x": -0.0014200000000000046}}