{"scalar": {"y": 0.8893501616772712, "x": 1.1420955340638144}, "bias": {"y": 0.11923500000000001, "x": 0.004154999999999992}}