{"scalar": {"y": 0.8984501937257844, "x": 1.1274309912170641}, "bias": {"y": 0.12811, "x": 0.019079999999999986}}