{"scalar": {"y": 0.8978080323940171, "x": 1.1284438212458778}, "bias": {"y": 0.12262, "x": -0.0012749999999999984}}