{"scalar": {"y": 0.9058668665206194, "x": 1.115965531119055}, "bias": {"y": 0.09002000000000002, "x": 0.007055000000000006}}