{"scalar": {"y": 0.8948443785729409, "x": 1.1331608440357133}, "bias": {"y": 0.10179, "x": 0.01642500000000001}}