{"scalar": {"y": 0.8954040423939167, "x": 1.1322646538624417}, "bias": {"y": 0.09634000000000001, "x": 0.005324999999999996}}