{
	"bias": {
		"x": -74.5,
		"y": 71.6
	},
	"scalar":{
		"x": 0.92979,
		"y": 1.08167
	}
}